{
    "unit1": {
        "sfire": {
                "namelist": {
                    "dxy": 25,
                    "fs": 5,
                    "ndx": 160,
                    "ndy": 400,
                    "t2": 290,
                    "buff": 30,
                    "fueltype": 6,
                    "ig_start": [
                        55.71049,
                        -113.56747
                    ],
                    "ig_end": [
                        55.71040,
                        -113.56971
                    ],
                    "ll_utm": [
                        336524,
                        6174820
                    ],
                    "rxloc": [
                        55,
                        -113
                    ]
                },
            "fire-nsew": [55.72027,
                55.717153,
                -113.569517,
                -113.57668
            ],
            "met-nsew": [55.73318,
                    55.70545,
                    -113.53997,
                    -113.59468
                ]
        },
        "obs": {
            "met": {
            },
            "ros": {
            },
            "hfx": {
            },
            "aq": {

            }
        }
    },

    "unit4": {
        "sfire": {
                "namelist": {
                    "dxy": 25,
                    "fs": 5,
                    "ndx": 160,
                    "ndy": 400,
                    "t2": 290,
                    "buff": 30,
                    "fueltype": 6,
                    "ig_start": [
                        55.71049,
                        -113.56747
                    ],
                    "ig_end": [
                        55.71040,
                        -113.56971
                    ],
                    "ll_utm": [
                        336524,
                        6174820
                    ],
                    "rxloc": [
                        55,
                        -113
                    ]
                },
            "fire-nsew": [55.71384,
                55.70928,
                -113.56550,
                -113.57085
                        ],
            "met-nsew": [55.738,
                55.70662,
                -113.53997,
                -113.59468
            ],
            "south_north": [61, 179],
            "west_east": [17, 158],
            "south_north_subgrid": [558, 624],
            "west_east_subgrid": [324, 417]
        },
        "obs": {
            "met": {
            },
            "ros": {
            },
            "hfx": {
            },
            "aq": {

            }
        }
    },

    "unit5": {
        "sfire": {
                "namelist": {
                    "dxy": 25,
                    "fs": 5,
                    "ndx": 160,
                    "ndy": 400,
                    "t2": 290,
                    "buff": 30,
                    "fueltype": 6,
                    "ig_start": [
                        55.7177788,
                        -113.571244
                    ],
                    "ig_end": [
                        55.7177788,
                        -113.575172
                    ],
                    "sw": [
                        55.717153,
                        -113.57668
                    ],
                    "ne": [
                        55.72027,
                        -113.569517
                    ],
                    "ll_utm": [
                        336524,
                        6174820
                    ],
                    "rxloc": [
                        55,
                        -113
                    ],
                    "rxtime": 14,
                    "utm": -8
                },
                "fire": {
                    "sn": [
                        550,
                        620
                    ],
                    "we": [
                        330,
                        405
                    ]
                },
                "met": {
                    "sn": [
                        110,
                        399
                    ],
                    "we": [
                        30,
                        200
                    ]
                }
        },
        "obs": {
            "met": {
                "south_met": {
                    "lat": 55.71711,
                    "lon": -113.57417,
                    "abg": 6.15
                },
                "obs_met": {
                    "lat": 55.71954,
                    "lon": -113.56767,
                    "abg": 1.65
                }
            },
            "ros": {
                "C2R1": {
                    "lat": 55.71787647,
                    "lon": -113.5712864,
                    "top": "17:51:53"
                },
                "C2R2": {
                    "lat": 55.71813304,
                    "lon": -113.5713568,
                    "top": "17:52:56"
                },
                "C2R3": {
                    "lat": 55.71830604,
                    "lon": -113.5713447,
                    "top": "17:53:18"
                },
                "C3R1": {
                    "lat": 55.71789675,
                    "lon": -113.5717357,
                    "top": "17:51:54"
                },
                "C3R2": {
                    "lat": 55.71808032,
                    "lon": -113.5717343,
                    "top": "17:52:22"
                },
                "C4R1": {
                    "lat": 55.7179141,
                    "lon": -113.5722955,
                    "top": "17:52:00"
                },
                "C4R3": {
                    "lat": 55.71831778,
                    "lon": -113.572257,
                    "top": "17:52:52"
                },
                "C4R4": {
                    "lat": 55.71847485,
                    "lon": -113.5722639,
                    "top": "17:53:17"
                },
                "C4R5": {
                    "lat": 55.71865699,
                    "lon": -113.572242,
                    "top": "17:53:43"
                },
                "C5R1": {
                    "lat": 55.71795794,
                    "lon": -113.5729611,
                    "top": "17:53:04"
                },
                "C5R2": {
                    "lat": 55.71813254,
                    "lon": -113.5729466,
                    "top": "17:53:30"
                },
                "C5R3": {
                    "lat": 55.71829556,
                    "lon": -113.5728809,
                    "top": "17:53:35"
                },
                "C5R4": {
                    "lat": 55.71846714,
                    "lon": -113.5728935,
                    "top": "17:53:39"
                },
                "C5R5": {
                    "lat": 55.71866252,
                    "lon": -113.5729119,
                    "top": "17:53:50"
                },
                "C6R1": {
                    "lat": 55.71795685,
                    "lon": -113.5736148,
                    "top": "17:51:45"
                },
                "C6R2": {
                    "lat": 55.71812407,
                    "lon": -113.5736213,
                    "top": "17:52:12"
                },
                "C6R3": {
                    "lat": 55.71828878,
                    "lon": -113.5735247,
                    "top": "17:52:33"
                },
                "C6R4": {
                    "lat": 55.7185088,
                    "lon": -113.5735656,
                    "top": "17:53:14"
                },
                "C6R5": {
                    "lat": 55.71868214,
                    "lon": -113.5735252,
                    "top": "17:53:50"
                },
                "C7R2": {
                    "lat": 55.71812382,
                    "lon": -113.57415,
                    "top": "17:52:13"
                },